{"cameraMode":{"drawMode":0,"name":"Shaded","section":"Shading Mode"},"sceneLighting":true,"audioPlay":false,"sceneViewState":{"m_AlwaysRefresh":false,"showFog":true,"showSkybox":true,"showFlares":true,"showImageEffects":true,"showParticleSystems":true,"showVisualEffectGraphs":true,"m_FxEnabled":true},"in2DMode":false,"pivot":{"x":2.4988558292388918,"y":13.730901718139649,"z":0.7622313499450684},"rotation":{"x":-0.08858034014701843,"y":-0.05018295347690582,"z":0.004468236584216356,"w":-0.9947955012321472},"size":14.437775611877442,"orthographic":false}