{"cameraMode":{"drawMode":0,"name":"Shaded","section":"Shading Mode"},"sceneLighting":true,"audioPlay":false,"sceneViewState":{"m_AlwaysRefresh":false,"showFog":true,"showSkybox":true,"showFlares":true,"showImageEffects":true,"showParticleSystems":true,"showVisualEffectGraphs":true,"m_FxEnabled":true},"in2DMode":false,"pivot":{"x":2.221829891204834,"y":1.2863093614578248,"z":0.3697357177734375},"rotation":{"x":-0.15049578249454499,"y":-0.09711401909589768,"z":0.014857056550681591,"w":-0.9837189316749573},"size":11.10792350769043,"orthographic":false}